code,sex,family name,first name,date of birth,activity,pol party
PA1008,male,David,Alain,1949-06-02,Cadres,PS
PA1012,male,de la Verpillière,Charles,1954-05-31,Cadres,REP
PA1029,male,Deflesselles,Bernard,1953-10-16,Cadres,REP
PA1198,female,Dumont,Laurence,1958-06-02,Cadres,PS
PA1206,male,Dupont-Aignan,Nicolas,1961-03-07,Cadres,ND
PA1276,male,Fanget,Michel,1950-05-03,Cadres,MODEM
PA1327,male,Forissier,Nicolas,1961-02-17,Entrepreneurs,REP
PA1592,male,Habib,David,1961-03-16,Cadres,PS
PA1630,male,Herbillon,Michel,1951-03-06,Cadres,REP
PA1695,male,Jacob,Christian,1959-12-04,Agriculteurs,REP
PA1809,male,Lambert,Jérôme,1957-06-07,Cadres,PS
PA1838,male,Lassalle,Jean,1955-05-03,Ouvriers,RPS
PA1874,male,Le Fur,Marc,1956-11-28,Cadres,REP
PA2150,male,Mélenchon,Jean-Luc,1951-08-19,Cadres,FI
PA2155,male,Menuel,Gérard,1952-05-07,Agriculteurs,REP
PA223837,male,Brochand,Bernard,1938-06-05,Retraités,REP
PA2377,male,Perrut,Bernard,1957-01-24,Cadres,REP
PA2449,male,Pont,Jean-Pierre,1950-05-09,Cadres,LAREM
PA2492,male,Quentin,Didier,1946-12-23,Cadres,REP
PA2529,male,Reitzer,Jean-Luc,1951-12-29,Cadres,REP
PA266776,male,Reiss,Frédéric,1949-11-12,Cadres,REP
PA266788,male,Morel-À-L'Huissier,Pierre,1958-12-21,Cadres,UDRL
PA266793,male,Bony,Jean-Yves,1955-03-11,Agriculteurs,REP
PA266797,male,Gosselin,Philippe,1966-10-23,Cadres,REP
PA266808,male,Rolland,Vincent,1970-02-01,Cadres,REP
PA267042,male,Favennec-Bécot,Yannick,1958-08-12,Cadres,UDRL
PA267200,male,Huyghe,Sébastien,1969-10-25,Cadres,REP
PA267204,male,Sermier,Jean-Marie,1961-03-05,Agriculteurs,REP
PA267260,female,Poletti,Bérengère,1959-10-14,Prof. inter.,REP
PA267289,male,Door,Jean-Pierre,1942-04-01,Cadres,REP
PA267306,male,Chassaigne,André,1950-07-02,Cadres,PCF
PA267318,male,Grelier,Jean-Carles,1966-03-15,Cadres,REP
PA267324,male,Gaultier,Jean-Jacques,1963-07-13,Cadres,REP
PA267330,male,Zumkeller,Michel,1966-01-21,Cadres,UDRL
PA267337,female,Bouchet,Claire,1954-01-09,Employés,LAREM
PA267355,male,Herth,Antoine,1963-02-14,Agriculteurs,MODEM
PA267378,female,Levy,Geneviève,1948-02-24,Cadres,REP
PA267429,male,Cinieri,Dino,1955-07-09,Cadres,REP
PA267440,male,Diard,Éric,1965-07-21,Cadres,REP
PA267450,male,Delatte,Rémi,1956-06-09,Agriculteurs,REP
PA267527,male,Saddier,Martial,1969-10-15,Retraités,REP
PA267735,male,de Ganay,Claude,1953-09-05,Non déclaré,REP
PA267766,male,Bricout,Guy,1944-02-18,Retraités,UDRL
PA267780,female,Firmin Le Bodo,Agnès,1968-11-20,Cadres,MODEM
PA267785,male,Larrivé,Guillaume,1977-01-24,Cadres,REP
PA267794,female,Tabarot,Michèle,1962-10-13,Entrepreneurs,REP
PA267901,male,Kamardine,Mansour,1959-03-23,Cadres,REP
PA268019,male,Lagarde,Jean-Christophe,1967-10-24,Cadres,UDRL
PA2796,male,Teissier,Guy,1945-04-04,Cadres,REP
PA2828,male,Tourret,Alain,1947-12-25,Cadres,LAREM
PA2952,male,Warsmann,Jean-Luc,1965-10-22,Non déclaré,REP
PA2960,male,Woerth,Éric,1956-01-29,Cadres,REP
PA330008,male,Breton,Xavier,1962-11-25,Cadres,REP
PA330240,male,Ciotti,Éric,1965-09-28,Non déclaré,REP
PA330788,male,Reynès,Bernard,1953-10-18,Cadres,REP
PA330909,male,Descoeur,Vincent,1962-12-13,Cadres,REP
PA331582,male,Vigier,Philippe,1958-02-03,Cadres,UDRL
PA331835,female,Iborra,Monique,1945-03-08,Retraités,LAREM
PA332228,male,Benoit,Thierry,1966-09-13,Cadres,UDRL
PA332523,female,Dalloz,Marie-Christine,1958-01-10,Non déclaré,REP
PA332614,male,Juanico,Régis,1972-02-05,Cadres,EELV
PA332747,male,de Rugy,François,1973-12-06,Cadres,LAREM
PA333285,male,Garot,Guillaume,1966-05-29,Cadres,PS
PA333421,male,Pancher,Bertrand,1958-06-05,Cadres,UDRL
PA333818,male,Hutin,Christian,1961-01-18,Cadres,PS
PA334116,female,Maquet,Jacqueline,1949-05-13,Cadres,LAREM
PA334768,male,Touraine,Jean-Louis,1945-10-08,Cadres,LAREM
PA335054,female,Karamanli,Marietta,1964-12-18,Cadres,PS
PA335612,male,Lecoq,Jean-Paul,1958-10-13,Prof. inter.,PCF
PA335999,female,Batho,Delphine,1973-03-23,Cadres,EELV
PA336175,female,Pinel,Sylvia,1977-09-28,Non déclaré,ND
PA336316,male,Bouchet,Jean-Claude,1957-05-02,Entrepreneurs,REP
PA336439,male,Clément,Jean-Michel,1954-10-31,Cadres,RPS
PA337483,male,Letchimy,Serge,1953-01-13,Cadres,ND
PA340343,male,Saulignac,Hervé,1970-11-06,Cadres,PS
PA340357,female,Victory,Michèle,1958-10-28,Prof. inter.,PS
PA342196,female,Rouaux,Claudia,1963-10-13,Cadres,PS
PA342240,male,Bourgeaux,Jean-Luc,1963-04-10,Agriculteurs,REP
PA342415,female,Battistel,Marie-Noëlle,1956-08-20,Cadres,PS
PA342601,male,Brindeau,Pascal,1974-06-20,Cadres,UDRL
PA342935,female,Dubois,Marianne,1957-12-17,Non déclaré,REP
PA343493,male,Rouillard,Gwendal,1976-04-20,Cadres,LAREM
PA345722,female,Le Grip,Constance,1960-11-14,Cadres,REP
PA346054,male,Maquet,Emmanuel,1968-06-02,Cadres,REP
PA346876,male,Solère,Thierry,1971-08-17,Cadres,LAREM
PA405480,male,Pupponi,François,1962-07-31,Cadres,RPS
PA421348,male,Villiers,André,1954-12-13,Agriculteurs,UDRL
PA508,female,Biémouret,Gisèle,1952-06-16,Cadres,PS
PA588884,female,Autain,Clémentine,1973-05-26,Cadres,FI
PA604,male,Bouley,Bernard,1950-07-11,Entrepreneurs,REP
PA605036,male,Abad,Damien,1980-04-05,Non déclaré,REP
PA605069,male,Bricout,Jean-Louis,1957-12-27,Cadres,PS
PA605084,male,Krabal,Jacques,1948-04-10,Retraités,LAREM
PA605131,male,Castaner,Christophe,1966-01-03,Cadres,LAREM
PA605518,male,Lambert,François-Michel,1966-08-24,Cadres,RPS
PA605694,male,Falorni,Olivier,1972-03-27,Cadres,ND
PA605963,male,Alauzet,Éric,1958-06-07,Cadres,LAREM
PA605991,female,Genevard,Annie,1956-09-07,Cadres,REP
PA606098,male,Marleix,Olivier,1971-02-06,Cadres,REP
PA606171,male,Ferrand,Richard,1962-07-01,Cadres,LAREM
PA606202,female,Dumas,Françoise,1960-04-12,Cadres,LAREM
PA606507,male,Boudié,Florent,1973-09-22,Cadres,LAREM
PA606639,male,Vignal,Patrick,1958-01-22,Entrepreneurs,LAREM
PA607090,male,Vigier,Jean-Pierre,1969-10-22,Cadres,REP
PA607155,male,Daniel,Yves,1954-07-31,Retraités,LAREM
PA607193,female,Errante,Sophie,1971-07-22,Entrepreneurs,LAREM
PA607395,male,Travert,Stéphane,1969-10-12,Cadres,LAREM
PA607553,male,Potier,Dominique,1964-03-17,Agriculteurs,PS
PA607595,male,Pellois,Hervé,1951-04-17,Cadres,LAREM
PA607619,male,Molac,Paul,1962-05-21,Cadres,RPS
PA608016,female,Louwagie,Véronique,1961-03-20,Cadres,REP
PA608172,female,Pires Beaune,Christine,1964-10-06,Cadres,PS
PA608292,female,Dubié,Jeanine,1958-01-03,Cadres,ND
PA608416,male,Hetzel,Patrick,1964-07-02,Cadres,REP
PA608641,male,Blein,Yves,1954-10-12,Cadres,LAREM
PA608695,female,Untermaier,Cécile,1951-12-28,Cadres,PS
PA608741,female,Tolmont,Sylvie,1962-10-09,Cadres,PS
PA608826,female,Duby-Muller,Virginie,1979-08-16,Cadres,REP
PA609332,male,Faure,Olivier,1968-08-18,Cadres,PS
PA609590,female,Rabault,Valérie,1973-04-25,Cadres,PS
PA609726,male,Aubert,Julien,1978-06-11,Cadres,REP
PA610654,male,Nilor,Jean-Philippe,1965-05-15,Cadres,PCF
PA610667,male,Serville,Gabriel,1959-09-27,Cadres,PCF
PA610775,male,Gomès,Philippe,1958-10-27,Cadres,ND
PA642695,male,Bothorel,Éric,1966-10-20,Cadres,LAREM
PA642724,male,Barbier,Frédéric,1960-08-30,Cadres,LAREM
PA642764,male,Aviragnet,Joël,1956-06-16,Cadres,PS
PA642847,male,Bazin,Thibault,1984-10-27,Cadres,REP
PA642868,male,Christophe,Paul,1971-02-10,Cadres,MODEM
PA642935,male,Becht,Olivier,1976-04-28,Cadres,MODEM
PA643004,male,Labille,Grégory,1968-07-10,Prof. inter.,UDRL
PA643089,male,Thiériot,Jean-Louis,1969-06-26,Cadres,REP
PA643103,male,Ferrara,Jean-Jacques,1967-06-16,Cadres,REP
PA643127,male,Questel,Bruno,1966-12-21,Cadres,LAREM
PA643134,female,Valentin,Isabelle,1962-01-20,Agriculteurs,REP
PA643145,female,Vainqueur-Christophe,Hélène,1956-05-06,Cadres,ND
PA643157,male,Naillet,Philippe,1960-08-14,Cadres,PS
PA643175,female,Dupont,Stella,1973-11-03,Cadres,LAREM
PA643192,female,Jourdan,Chantal,1958-09-02,Cadres,PS
PA643205,female,Lang,Anne-Christine,1961-08-10,Cadres,LAREM
PA672,male,Bridey,Jean-Jacques,1953-05-07,Cadres,LAREM
PA677483,male,Mazars,Stéphane,1969-03-25,Cadres,LAREM
PA689,female,Buffet,Marie-George,1949-05-07,Employés,PCF
PA695100,male,Habib,Meyer,1961-04-28,Cadres,UDRL
PA702052,female,Sage,Maina,1975-05-10,Cadres,ND
PA702054,male,Claireaux,Stéphane,1964-06-23,Entrepreneurs,ND
PA709315,male,Viala,Arnaud,1974-12-04,Cadres,REP
PA712014,male,Ledoux,Vincent,1966-06-21,Cadres,MODEM
PA712015,male,Dive,Julien,1985-05-21,Cadres,REP
PA713448,female,Brenier,Marine,1986-08-11,Cadres,REP
PA717167,male,Mahjoubi,Mounir,1984-03-01,Cadres,LAREM
PA717379,male,Maillard,Sylvain,1974-04-28,Entrepreneurs,LAREM
PA718674,female,Givernet,Olga,1981-10-17,Cadres,LAREM
PA718682,male,Trompille,Stéphane,1982-12-01,Employés,LAREM
PA718694,male,Delatte,Marc,1961-05-24,Cadres,LAREM
PA718710,female,Boyer,Pascale,1965-09-28,Non déclaré,LAREM
PA718720,male,Dufrègne,Jean-Paul,1958-03-28,Cadres,PCF
PA718728,female,Vanceunebrock,Laurence,1970-05-06,Employés,LAREM
PA718736,female,Peyrol,Bénédicte,1991-03-23,Cadres,LAREM
PA718744,female,Bagarry,Delphine,1970-01-09,Cadres,EELV
PA718756,female,Bono-Vandorme,Aude,1962-08-03,Cadres,LAREM
PA718768,female,Valetta Ardisson,Alexandra,1976-06-07,Prof. inter.,LAREM
PA718780,female,Trastour-Isnart,Laurence,1972-03-06,Cadres,REP
PA718784,male,Pauget,Éric,1970-08-18,Cadres,REP
PA718794,female,Hérin,Danièle,1947-01-14,Retraités,LAREM
PA718802,male,Perea,Alain,1971-06-05,Cadres,LAREM
PA718810,female,Robert,Mireille,1962-03-01,Prof. inter.,LAREM
PA718838,male,Brun,Fabrice,1968-04-02,Entrepreneurs,REP
PA718850,male,Cordier,Pierre,1972-05-27,Cadres,REP
PA718860,female,Taurine,Bénédicte,1976-06-18,Cadres,FI
PA718868,male,Larive,Michel,1966-08-22,Prof. inter.,FI
PA718876,male,Besson-Moreau,Grégory,1982-07-07,Entrepreneurs,LAREM
PA718884,female,Bazin-Malgras,Valérie,1969-10-31,Cadres,REP
PA718894,male,Dombreval,Loïc,1966-04-16,Entrepreneurs,LAREM
PA718902,male,Roussel,Cédric,1972-10-10,Cadres,LAREM
PA718910,female,Pitollat,Claire,1979-09-17,Cadres,LAREM
PA718918,female,Louis,Alexandra,1983-09-17,Cadres,LAREM
PA718926,male,Dharréville,Pierre,1975-06-15,Prof. inter.,PCF
PA718930,female,Petel,Anne-Laurence,1970-02-08,Cadres,LAREM
PA718944,female,Racon-Bouzon,Cathy,1976-11-22,Cadres,LAREM
PA718954,male,Ahamada,Saïd,1972-11-07,Prof. inter.,LAREM
PA718962,male,Zulesi,Jean-Marc,1988-06-06,Cadres,LAREM
PA718978,male,Laqhila,Mohamed,1959-08-03,Cadres,MODEM
PA718990,female,Blanc,Anne,1966-07-20,Prof. inter.,LAREM
PA719002,male,Ravier,Julien,1978-02-16,Cadres,REP
PA719006,male,Le Vigoureux,Fabrice,1969-08-27,Cadres,LAREM
PA719020,female,Porte,Nathalie,1973-02-02,Cadres,REP
PA719024,male,Blanchet,Christophe,1973-04-09,Entrepreneurs,MODEM
PA719032,male,Bouyx,Bertrand,1970-05-26,Prof. inter.,LAREM
PA719044,female,Essayan,Nadia,1957-06-06,Cadres,MODEM
PA719052,male,Kervran,Loïc,1984-02-11,Cadres,LAREM
PA719060,male,Jerretie,Christophe,1979-08-31,Cadres,MODEM
PA719072,male,Mesnier,Thomas,1986-03-04,Cadres,LAREM
PA719080,female,Marsaud,Sandra,1974-01-02,Cadres,LAREM
PA719092,female,Tuffnell,Frédérique,1956-06-29,Cadres,MODEM
PA719100,male,Ardouin,Jean-Philippe,1964-03-05,Entrepreneurs,LAREM
PA719108,male,Gérard,Raphaël,1968-10-17,Cadres,LAREM
PA719118,male,Cormier-Bouligeon,François,1972-11-19,Cadres,LAREM
PA719130,female,Michel-Brassart,Monica,1955-04-16,Cadres,LAREM
PA719138,male,Castellani,Michel,1945-09-28,Cadres,RPS
PA719146,male,Acquaviva,Jean-Félix,1973-03-19,Cadres,RPS
PA719154,male,Martin,Didier,1956-08-20,Cadres,LAREM
PA719162,female,Dubois,Jacqueline,1957-05-28,Retraités,LAREM
PA719170,female,Charvier,Fannette,1984-12-31,Employés,LAREM
PA719186,female,Khattabi,Fadila,1962-02-23,Cadres,LAREM
PA719194,female,de Courson,Yolaine,1954-07-14,Retraités,MODEM
PA719202,male,Paris,Didier,1954-02-14,Cadres,LAREM
PA719210,male,Joncour,Bruno,1953-11-25,Employés,MODEM
PA719218,male,Berville,Hervé,1990-01-15,Cadres,LAREM
PA719230,male,Kerlogot,Yannick,1970-05-12,Cadres,LAREM
PA719242,male,Moreau,Jean-Baptiste,1977-02-14,Agriculteurs,LAREM
PA719250,male,Chassaing,Philippe,1972-05-18,Prof. inter.,LAREM
PA719258,male,Delpon,Michel,1949-08-13,Cadres,LAREM
PA719266,male,Cubertafon,Jean-Pierre,1948-02-05,Retraités,MODEM
PA719272,female,Meunier,Frédérique,1960-12-08,Cadres,REP
PA719286,male,Colombani,Paul-André,1967-08-17,Cadres,RPS
PA719294,female,Clapot,Mireille,1963-10-14,Cadres,LAREM
PA719302,female,Thourot,Alice,1985-10-12,Cadres,LAREM
PA719310,female,de Lavergne,Célia,1979-11-21,Cadres,LAREM
PA719318,female,Anthoine,Emmanuelle,1964-07-02,Cadres,REP
PA719326,female,Gipson,Séverine,1970-12-13,Cadres,LAREM
PA719330,male,Gouttefarde,Fabien,1978-09-27,Cadres,LAREM
PA719338,female,Melchior,Graziella,1960-04-06,Cadres,LAREM
PA719350,female,Tamarelle-Verhaeghe,Marie,1962-09-27,Cadres,LAREM
PA719364,female,O'Petit,Claire,1949-10-15,Retraités,LAREM
PA719372,male,Kasbarian,Guillaume,1987-02-28,Cadres,LAREM
PA719382,male,Lamirault,Luc,1962-05-12,Entrepreneurs,ND
PA719388,female,Le Meur,Annaïg,1973-04-29,Entrepreneurs,LAREM
PA719396,male,Larsonneur,Jean-Charles,1984-01-24,Cadres,LAREM
PA719404,male,Le Gac,Didier,1965-07-19,Prof. inter.,LAREM
PA719412,female,Le Feur,Sandrine,1991-03-18,Agriculteurs,LAREM
PA719420,male,Sommer,Denis,1957-09-23,Cadres,LAREM
PA719436,male,Meizonnet,Nicolas,1983-12-22,Cadres,ND
PA719440,male,Cellier,Anthony,1975-06-01,Cadres,LAREM
PA719448,female,Chapelier,Annie,1967-11-07,Prof. inter.,ND
PA719456,female,Mörch,Sandrine,1961-11-13,Cadres,LAREM
PA719464,male,Nadot,Sébastien,1972-07-08,Cadres,RPS
PA719472,male,Cazeneuve,Jean-René,1958-06-09,Cadres,LAREM
PA719480,male,Gaillard,Olivier,1967-02-28,Cadres,ND
PA719488,male,Berta,Philippe,1960-04-11,Cadres,MODEM
PA719496,male,Cabaré,Pierre,1957-12-12,Entrepreneurs,LAREM
PA719504,male,Lagleize,Jean-Luc,1958-09-09,Cadres,MODEM
PA719512,female,Vignon,Corinne,1963-06-10,Cadres,LAREM
PA719520,male,Nogal,Mickaël,1990-11-26,Cadres,LAREM
PA719528,male,Portarrieu,Jean-François,1965-10-14,Cadres,LAREM
PA719540,female,Toutut-Picard,Élisabeth,1954-12-17,Cadres,LAREM
PA719550,female,Tanguy,Liliana,1967-03-12,Cadres,LAREM
PA719558,male,Balanant,Erwan,1971-02-21,Cadres,MODEM
PA719570,female,Fabre,Catherine,1978-09-19,Cadres,LAREM
PA719578,male,Prud'homme,Loïc,1969-08-19,Prof. inter.,FI
PA719592,male,Simian,Benoit,1983-05-27,Cadres,UDRL
PA719600,male,Poulliat,Éric,1974-07-09,Employés,LAREM
PA719608,female,Ménard,Emmanuelle,1968-08-15,Cadres,ND
PA719616,male,Euzet,Christophe,1967-04-02,Cadres,MODEM
PA719624,female,Couillard,Bérangère,1986-07-24,Cadres,LAREM
PA719632,female,Panonacle,Sophie,1968-12-16,Non déclaré,LAREM
PA719640,female,Mette,Sophie,1959-09-13,Non déclaré,MODEM
PA719652,female,Hammerer,Véronique,1968-11-04,Cadres,LAREM
PA719660,female,Dubos,Christelle,1976-03-26,Cadres,LAREM
PA719668,female,Mirallès,Patricia,1967-08-22,Employés,LAREM
PA719676,female,Ressiguier,Muriel,1977-12-21,Employés,FI
PA719684,female,Dubost,Coralie,1983-03-04,Cadres,LAREM
PA719692,male,Eliaou,Jean-François,1956-08-13,Cadres,LAREM
PA719700,male,Huppé,Philippe,1968-02-12,Cadres,LAREM
PA719710,female,David,Dominique,1963-02-27,Cadres,LAREM
PA719718,female,Maillart-Méhaignerie,Laurence,1967-04-05,Entrepreneurs,LAREM
PA719728,male,Le Bohec,Gaël,1977-11-04,Entrepreneurs,LAREM
PA719736,female,Galliard-Minier,Camille,1975-05-26,Non déclaré,LAREM
PA719740,male,Colas-Roy,Jean-Charles,1978-05-02,Cadres,LAREM
PA719748,female,Chalas,Émilie,1977-10-18,Cadres,LAREM
PA719756,female,Cloarec-Le Nabour,Christine,1964-10-28,Prof. inter.,LAREM
PA719770,male,Bachelier,Florian,1979-04-05,Entrepreneurs,LAREM
PA719778,male,Jolivet,François,1966-03-21,Cadres,LAREM
PA719790,male,Chalumeau,Philippe,1963-11-08,Cadres,LAREM
PA719798,male,Labaronne,Daniel,1955-07-16,Cadres,LAREM
PA719814,female,Colboc,Fabienne,1971-08-09,Cadres,LAREM
PA719822,female,Thillaye,Sabine,1959-05-18,Entrepreneurs,MODEM
PA719830,male,Démoulin,Nicolas,1972-07-22,Entrepreneurs,LAREM
PA719842,male,Laabid,Mustapha,1969-03-29,Cadres,LAREM
PA719850,female,Motin,Cendra,1975-01-29,Cadres,LAREM
PA719858,female,Limon,Monique,1953-12-05,Retraités,LAREM
PA719866,female,Abadie,Caroline,1976-09-07,Cadres,LAREM
PA719874,female,Jacquier-Laforge,Élodie,1978-04-15,Cadres,MODEM
PA719882,female,Meynier-Millefert,Marjolaine,1982-09-30,Cadres,LAREM
PA719890,female,Brulebois,Danielle,1947-07-04,Retraités,LAREM
PA719918,male,Lainé,Fabien,1976-04-15,Prof. inter.,MODEM
PA719922,male,Causse,Lionel,1971-05-06,Cadres,LAREM
PA719930,male,Vallaud,Boris,1975-07-25,Cadres,PS
PA719942,male,Baudu,Stéphane,1965-05-01,Cadres,MODEM
PA719946,male,Peltier,Guillaume,1976-08-27,Cadres,REP
PA719952,male,Mis,Jean-Michel,1967-07-28,Cadres,LAREM
PA719960,female,Faure-Muntian,Valéria,1984-09-02,Employés,LAREM
PA719972,female,Sarles,Nathalie,1962-04-17,Employés,LAREM
PA719980,male,Borowczyk,Julien,1979-05-02,Cadres,LAREM
PA719994,female,Kamowski,Catherine,1958-04-08,Cadres,LAREM
PA720006,male,Geismar,Luc,1966-11-01,Cadres,MODEM
PA720014,female,Tiegna,Huguette,1982-04-01,Cadres,LAREM
PA720022,male,Lauzzana,Michel,1957-03-20,Cadres,LAREM
PA720030,male,Freschi,Alexandre,1979-05-17,Entrepreneurs,LAREM
PA720038,female,Josso,Sandrine,1975-09-19,Cadres,UDRL
PA720046,female,Dufeu,Audrey,1980-06-03,Cadres,LAREM
PA720054,male,Haury,Yannick,1954-06-12,Cadres,LAREM
PA720066,female,Rist,Stéphanie,1973-08-06,Cadres,LAREM
PA720074,female,Janvier,Caroline,1982-03-09,Cadres,LAREM
PA720092,male,Ramos,Richard,1968-03-23,Cadres,MODEM
PA720100,male,Pradié,Aurélien,1986-03-14,Cadres,REP
PA720108,female,Oppelt,Valérie,1973-12-10,Entrepreneurs,LAREM
PA720116,female,Brunet,Anne-France,1962-06-12,Cadres,LAREM
PA720124,female,Amadou,Aude,1980-02-29,Retraités,LAREM
PA720138,female,Saint-Paul,Laetitia,1981-01-21,Cadres,LAREM
PA720146,male,Masséglia,Denis,1981-04-11,Cadres,LAREM
PA720154,female,Dubré-Chirat,Nicole,1951-12-18,Retraités,LAREM
PA720162,male,Bolo,Philippe,1967-03-25,Cadres,MODEM
PA720170,female,Grandjean,Carole,1983-05-18,Cadres,LAREM
PA720178,male,Garcia,Laurent,1970-05-31,Cadres,MODEM
PA720190,male,Sorre,Bertrand,1965-05-08,Employés,LAREM
PA720202,female,Krimi,Sonia,1982-12-20,Cadres,LAREM
PA720210,female,Beauvais,Valérie,1963-03-08,Non déclaré,REP
PA720214,female,Kuric,Aina,1987-05-15,Entrepreneurs,MODEM
PA720222,male,Girardin,Éric,1962-02-12,Cadres,LAREM
PA720230,female,Magnier,Lise,1984-12-31,Cadres,MODEM
PA720246,male,Templier,Sylvain,1971-12-27,Cadres,LAREM
PA720256,female,Bannier,Géraldine,1979-11-22,Cadres,MODEM
PA720268,male,Damaisin,Olivier,1966-08-05,Entrepreneurs,UDRL
PA720278,male,Orphelin,Matthieu,1972-12-03,Cadres,EELV
PA720286,female,Fiat,Caroline,1977-01-28,Ouvriers,FI
PA720298,female,Cariou,Émilie,1971-10-14,Cadres,EELV
PA720310,male,Arend,Christophe,1975-08-12,Cadres,LAREM
PA720318,female,Zannier,Hélène,1972-09-19,Cadres,LAREM
PA720326,male,Hammouche,Brahim,1971-05-17,Cadres,MODEM
PA720334,male,Pahun,Jimmy,1962-05-15,Prof. inter.,MODEM
PA720342,female,Le Peih,Nicole,1959-09-28,Agriculteurs,LAREM
PA720354,male,Jacques,Jean-Michel,1968-02-29,Prof. inter.,LAREM
PA720362,male,Belhaddad,Belkhir,1969-07-09,Entrepreneurs,LAREM
PA720370,male,Mendes,Ludovic,1987-04-11,Cadres,LAREM
PA720378,male,Lioger,Richard,1957-09-18,Cadres,LAREM
PA720386,male,Di Filippo,Fabien,1986-08-23,Cadres,REP
PA720394,female,Trisse,Nicole,1963-06-29,Prof. inter.,LAREM
PA720402,male,Paluszkiewicz,Xavier,1972-12-13,Employés,LAREM
PA720414,male,Perrot,Patrice,1964-02-24,Entrepreneurs,LAREM
PA720422,male,Quatennens,Adrien,1990-05-23,Prof. inter.,FI
PA720430,male,Bernalicis,Ugo,1989-09-25,Employés,FI
PA720438,male,Di Pompeo,Christophe,1964-07-15,Cadres,LAREM
PA720446,female,Liso,Brigitte,1959-07-29,Entrepreneurs,LAREM
PA720454,male,Houbron,Dimitri,1991-02-12,Employés,LAREM
PA720468,male,Chenu,Sébastien,1973-04-13,Cadres,ND
PA720480,female,Parmentier-Lecocq,Charlotte,1977-07-17,Cadres,LAREM
PA720488,female,Six,Valérie,1963-01-11,Cadres,UDRL
PA720492,female,Osson,Catherine,1974-02-07,Cadres,LAREM
PA720500,female,Petit,Valérie,1976-06-23,Cadres,MODEM
PA720516,female,Morlighem,Florence,1970-04-10,Cadres,LAREM
PA720520,female,Cattelot,Anne-Laure,1988-10-25,Cadres,LAREM
PA720538,female,De Temmerman,Jennifer,1977-02-16,Cadres,RPS
PA720546,male,Bruneel,Alain,1952-03-07,Retraités,PCF
PA720552,female,Rauch,Isabelle,1968-08-10,Cadres,LAREM
PA720560,female,Goulet,Perrine,1978-03-19,Cadres,MODEM
PA720568,female,Thill,Agnès,1964-06-02,Prof. inter.,UDRL
PA720576,male,Bois,Pascal,1959-12-03,Cadres,LAREM
PA720586,male,Vatin,Pierre,1967-08-21,Cadres,REP
PA720590,male,Potterie,Benoit,1967-07-23,Entrepreneurs,LAREM
PA720598,female,Deprez-Audebert,Marguerite,1952-05-17,Retraités,MODEM
PA720610,female,Houplain,Myriane,1946-06-05,Non déclaré,ND
PA720614,female,Le Pen,Marine,1968-08-05,Cadres,ND
PA720622,female,Bureau-Bonnard,Carole,1965-08-09,Cadres,LAREM
PA720630,male,Minot,Maxime,1987-07-20,Employés,REP
PA720644,male,Nury,Jérôme,1972-08-25,Cadres,REP
PA720652,male,Duvergé,Bruno,1957-04-03,Cadres,MODEM
PA720664,male,Evrard,José,1945-07-17,Retraités,ND
PA720672,male,Therry,Robert,1947-06-27,Retraités,REP
PA720684,male,Dumont,Pierre-Henri,1987-10-07,Cadres,REP
PA720692,male,Roussel,Fabien,1969-04-16,Employés,PCF
PA720696,female,Descamps,Béatrice,1961-04-24,Prof. inter.,UDRL
PA720704,female,Vichnievsky,Laurence,1955-02-05,Cadres,MODEM
PA720720,female,Poueyto,Josy,1954-01-13,Retraités,MODEM
PA720728,male,Mattei,Jean-Paul,1954-03-21,Cadres,MODEM
PA720738,male,Michels,Thierry,1960-08-27,Cadres,LAREM
PA720746,male,Waserman,Sylvain,1967-12-08,Entrepreneurs,MODEM
PA720754,male,Studer,Bruno,1978-06-18,Cadres,LAREM
PA720764,female,Lasserre,Florence,1974-06-29,Employés,MODEM
PA720772,male,Bru,Vincent,1955-04-29,Cadres,MODEM
PA720780,male,Sempastous,Jean-Bernard,1964-08-05,Cadres,LAREM
PA720790,male,Grau,Romain,1974-06-21,Cadres,LAREM
PA720802,female,Pujol,Catherine,1960-04-06,Non déclaré,ND
PA720806,female,Gayte,Laurence,1965-09-25,Cadres,LAREM
PA720814,male,Cazenove,Sébastien,1976-12-28,Prof. inter.,LAREM
PA720822,male,Bilde,Bruno,1976-09-22,Cadres,ND
PA720830,female,Thomas,Valérie,1968-01-21,Cadres,LAREM
PA720846,male,Lachaud,Bastien,1980-08-05,Cadres,FI
PA720854,male,Testé,Stéphane,1968-05-10,Cadres,LAREM
PA720862,male,Descrozaille,Frédéric,1967-04-16,Cadres,LAREM
PA720870,male,Mbaye,Jean François,1979-01-01,Employés,LAREM
PA720878,male,Saint-Martin,Laurent,1985-06-22,Cadres,LAREM
PA720892,female,Panot,Mathilde,1989-01-15,Cadres,FI
PA720900,female,Rilhac,Cécile,1974-04-21,Cadres,LAREM
PA720908,female,Moutchou,Naïma,1980-11-04,Cadres,LAREM
PA720916,female,Lazaar,Fiona,1985-09-19,Cadres,EELV
PA720928,male,Corceiro,David,1977-08-03,Cadres,MODEM
PA720932,male,Da Silva,Dominique,1968-06-30,Entrepreneurs,LAREM
PA720944,female,Park,Zivka,1985-01-22,Cadres,LAREM
PA720952,male,Taché,Aurélien,1984-05-26,Cadres,EELV
PA720960,male,Serva,Olivier,1974-06-21,Cadres,LAREM
PA720968,female,Benin,Justine,1975-03-12,Cadres,MODEM
PA720976,male,Mathiasin,Max,1956-02-24,Cadres,MODEM
PA720988,female,Manin,Josette,1950-03-16,Retraités,ND
PA720996,male,El Guerrab,M'jid,1983-04-25,Cadres,UDRL
PA721004,female,Lakrafi,Amélia,1978-03-20,Entrepreneurs,LAREM
PA721012,female,Kéclard-Mondésir,Manuéla,1971-05-06,Prof. inter.,PCF
PA721024,female,Genetet,Anne,1963-04-20,Cadres,LAREM
PA721036,male,Adam,Lénaïck,1992-02-19,Cadres,LAREM
PA721046,female,Bassire,Nathalie,1968-01-22,Retraités,UDRL
PA721054,male,Lorion,David,1964-10-15,Cadres,REP
PA721062,male,Ratenon,Jean-Hugues,1967-06-25,Employés,FI
PA721070,female,Ramassamy,Nadia,1961-05-17,Cadres,REP
PA721094,male,Dunoyer,Philippe,1968-01-11,Cadres,ND
PA721110,female,Sanquer,Nicole,1972-06-16,Cadres,UDRL
PA721118,male,Brotherson,Moetai,1969-10-22,Non déclaré,ND
PA721126,female,Guion-Firmin,Claire,1957-09-06,Cadres,REP
PA721134,male,Lescure,Roland,1966-11-26,Cadres,LAREM
PA721142,female,Forteza,Paula,1986-08-08,Cadres,EELV
PA721150,male,Holroyd,Alexandre,1987-05-17,Retraités,LAREM
PA721158,male,Anglade,Pieyre-Alexandre,1986-11-02,Cadres,LAREM
PA721166,female,Cazebonne,Samantha,1971-08-10,Cadres,LAREM
PA721174,male,Son-Forget,Joachim,1983-04-15,Cadres,ND
PA721182,male,Petit,Frédéric,1961-02-10,Cadres,MODEM
PA721194,female,Dumas,Frédérique,1963-05-18,Entrepreneurs,EELV
PA721202,male,Coquerel,Éric,1958-12-30,Cadres,FI
PA721210,male,Corbière,Alexis,1968-08-17,Cadres,FI
PA721218,female,Charrière,Sylvie,1961-05-15,Cadres,LAREM
PA721226,female,Rubin,Sabine,1960-08-13,Cadres,FI
PA721234,female,Petit,Maud,1971-11-15,Prof. inter.,MODEM
PA721246,female,Gaillot,Albane,1971-07-07,Cadres,EELV
PA721262,male,Vuilletet,Guillaume,1967-06-20,Cadres,LAREM
PA721270,male,Peu,Stéphane,1962-07-24,Employés,PCF
PA721278,male,Anato,Patrice,1976-03-14,Cadres,LAREM
PA721286,male,Ramadier,Alain,1958-07-08,Cadres,REP
PA721296,male,Gouffier-Cha,Guillaume,1986-02-01,Cadres,LAREM
PA721314,male,Schellenberger,Raphaël,1990-02-14,Cadres,REP
PA721328,female,Brugnera,Anne,1970-11-28,Cadres,LAREM
PA721336,female,Brocard,Blandine,1981-11-03,Employés,MODEM
PA721344,male,Bonnell,Bruno,1958-10-06,Entrepreneurs,LAREM
PA721352,female,Cazarian,Danièle,1965-08-31,Entrepreneurs,LAREM
PA721364,male,Gauvain,Raphaël,1973-04-10,Cadres,LAREM
PA721372,male,Pichereau,Damien,1988-01-28,Employés,LAREM
PA721384,female,Fontenel-Personne,Pascale,1962-05-26,Entrepreneurs,MODEM
PA721398,female,Degois,Typhanie,1993-01-06,Prof. inter.,LAREM
PA721410,female,Bonnivard,Émilie,1980-08-02,Cadres,REP
PA721418,male,Mignola,Patrick,1971-08-08,Entrepreneurs,MODEM
PA721426,female,Riotton,Véronique,1969-11-02,Cadres,LAREM
PA721434,female,Lardet,Frédérique,1966-09-01,Cadres,LAREM
PA721450,female,Lenne,Marion,1974-11-20,Cadres,LAREM
PA721458,male,Roseren,Xavier,1970-01-12,Entrepreneurs,LAREM
PA721466,male,Le Gendre,Gilles,1958-05-13,Cadres,LAREM
PA721474,male,Viry,Stéphane,1969-10-14,Cadres,REP
PA721486,male,Naegelen,Christophe,1983-12-30,Entrepreneurs,UDRL
PA721498,male,Guerini,Stanislas,1982-05-14,Cadres,LAREM
PA721506,female,Kuster,Brigitte,1959-04-12,Non déclaré,REP
PA721514,female,Kerbarh,Stéphanie,1975-07-31,Cadres,LAREM
PA721522,male,Batut,Xavier,1976-12-26,Cadres,LAREM
PA721530,female,Luquet,Aude,1967-08-18,Cadres,MODEM
PA721538,female,Roques-Etienne,Muriel,1979-03-05,Cadres,LAREM
PA721542,female,Verdier-Jouclas,Marie-Christine,1965-03-19,Cadres,LAREM
PA721560,male,Griveaux,Benjamin,1977-12-29,Cadres,LAREM
PA721568,male,Person,Pierre,1989-01-22,Cadres,LAREM
PA721576,female,Bouchet Bellecourt,Sylvie,1957-07-03,Prof. inter.,REP
PA721584,male,Terlier,Jean,1977-03-02,Cadres,LAREM
PA721600,female,Rossi,Laurianne,1984-05-18,Cadres,LAREM
PA721608,male,Bourlanges,Jean-Louis,1946-07-13,Cadres,MODEM
PA721616,male,Rupin,Pacôme,1985-01-25,Cadres,LAREM
PA721624,female,Avia,Laetitia,1985-10-29,Cadres,LAREM
PA721632,female,Lemoine,Patricia,1961-12-30,Cadres,MODEM
PA721636,male,Parigi,Jean-François,1960-01-25,Non déclaré,REP
PA721644,male,Kokouendo,Rodrigue,1974-03-08,Cadres,LAREM
PA721656,female,Muschotti,Cécile,1987-10-30,Cadres,LAREM
PA721666,female,Audibert,Edith,1948-03-07,Retraités,REP
PA721674,female,Atger,Stéphanie,1975-10-11,Entrepreneurs,LAREM
PA721678,male,Reda,Robin,1991-05-10,Non déclaré,REP
PA721690,male,Tan,Buon,1967-03-10,Entrepreneurs,LAREM
PA721702,male,Fauvergue,Jean-Michel,1957-01-31,Cadres,LAREM
PA721710,female,Peyron,Michèle,1961-07-22,Cadres,LAREM
PA721718,female,Do,Stéphanie,1979-12-20,Cadres,LAREM
PA721726,female,Mauborgne,Sereine,1972-05-03,Prof. inter.,LAREM
PA721734,male,Michel-Kleisbauer,Philippe,1969-03-06,Cadres,MODEM
PA721742,female,Florennes,Isabelle,1967-08-02,Cadres,MODEM
PA721750,female,Calvez,Céline,1979-07-24,Entrepreneurs,LAREM
PA721760,female,Gatel,Maud,1979-04-06,Cadres,ND
PA721768,female,Silin,Marie,1978-10-04,Cadres,LAREM
PA721776,male,Baichère,Didier,1970-08-20,Cadres,LAREM
PA721784,female,Gomez-Bassac,Valérie,1969-07-16,Cadres,LAREM
PA721792,female,Guerel,Émilie,1983-12-18,Cadres,LAREM
PA721800,male,Matras,Fabien,1984-09-12,Prof. inter.,LAREM
PA721808,female,Crouzet,Michèle,1967-08-31,Cadres,MODEM
PA721816,male,Boucard,Ian,1988-05-05,Cadres,REP
PA721824,male,Renson,Hugues,1978-02-11,Cadres,LAREM
PA721832,female,Boëlle,Sandra,1961-05-26,Non déclaré,REP
PA721836,male,Barrot,Jean-Noël,1983-05-13,Cadres,MODEM
PA721844,female,Piron,Béatrice,1965-08-30,Entrepreneurs,LAREM
PA721852,female,Lebec,Marie,1990-12-17,Cadres,LAREM
PA721864,female,Zitouni,Souad,1974-04-23,Cadres,LAREM
PA721876,male,Morenas,Adrien,1982-01-01,Non déclaré,LAREM
PA721880,female,Guévenoux,Marie,1976-11-02,Cadres,LAREM
PA721888,male,Raphan,Pierre-Alain,1983-04-06,Entrepreneurs,LAREM
PA721896,female,Faucillon,Elsa,1981-08-06,Employés,PCF
PA721908,female,Braun-Pivet,Yaël,1970-12-07,Cadres,LAREM
PA721916,female,Pouzyreff,Natalia,1961-02-18,Cadres,LAREM
PA721924,female,de Vaucouleurs,Michèle,1964-02-12,Cadres,MODEM
PA721932,female,Lorho,Marie-France,1964-12-15,Prof. inter.,ND
PA721946,male,Marilossian,Jacques,1958-07-26,Cadres,LAREM
PA721960,female,Obono,Danièle,1980-07-12,Cadres,FI
PA721968,male,Vialay,Michel,1960-01-06,Cadres,REP
PA721976,male,Millienne,Bruno,1959-11-28,Cadres,MODEM
PA721984,male,Latombe,Philippe,1975-04-21,Cadres,MODEM
PA721996,male,Loiseau,Patrick,1960-05-08,Cadres,MODEM
PA722000,male,Buchou,Stéphane,1974-03-14,Cadres,LAREM
PA722008,female,Leguille-Balloy,Martine,1957-09-06,Cadres,LAREM
PA722022,female,Romeiro Dias,Laëtitia,1981-01-15,Cadres,LAREM
PA722030,male,Bournazel,Pierre-Yves,1977-08-31,Entrepreneurs,MODEM
PA722038,male,Adam,Damien,1989-06-28,Cadres,LAREM
PA722046,female,Bergé,Aurore,1986-11-13,Cadres,LAREM
PA722062,female,Granjus,Florence,1962-05-17,Cadres,LAREM
PA722070,male,Henriet,Pierre,1991-11-26,Prof. inter.,LAREM
PA722082,female,Ballet-Blu,Françoise,1964-03-09,Entrepreneurs,LAREM
PA722090,female,Pételle,Bénédicte,1971-06-04,Prof. inter.,LAREM
PA722094,female,Hennion,Christine,1955-08-23,Cadres,LAREM
PA722102,female,Vidal,Annie,1956-09-17,Cadres,LAREM
PA722110,male,Wulfranc,Hubert,1956-12-17,Cadres,PCF
PA722118,female,Sylla,Sira,1980-03-14,Cadres,LAREM
PA722126,male,Chiche,Guillaume,1986-03-30,Cadres,EELV
PA722134,male,Fiévet,Jean-Marie,1964-06-19,Prof. inter.,LAREM
PA722142,male,Ruffin,François,1975-10-18,Cadres,FI
PA722150,male,Houlié,Sacha,1988-10-08,Cadres,LAREM
PA722162,male,Turquois,Nicolas,1972-07-26,Agriculteurs,MODEM
PA722170,female,Beaudouin-Hubiere,Sophie,1972-11-20,Non déclaré,LAREM
PA722178,male,Maire,Jacques,1962-04-04,Cadres,LAREM
PA722194,female,Provendier,Florence,1965-10-28,Cadres,LAREM
PA722202,male,Jumel,Sébastien,1971-12-20,Cadres,PCF
PA722218,female,Delpirou,Cécile,1964-03-23,Cadres,LAREM
PA722228,male,Leclabart,Jean-Claude,1954-12-04,Retraités,LAREM
PA722240,male,Venteau,Pierre,1974-08-26,Cadres,LAREM
PA722244,female,Magne,Marie-Ange,1987-11-20,Cadres,LAREM
PA722252,female,Rixain,Marie-Pierre,1977-01-18,Cadres,LAREM
PA722260,male,Villani,Cédric,1973-10-05,Cadres,EELV
PA722268,female,Wonner,Martine,1964-03-27,Cadres,RPS
PA722280,male,Meyer,Philippe,1969-04-29,Prof. inter.,REP
PA722284,male,Fuchs,Bruno,1959-04-07,Entrepreneurs,MODEM
PA722292,male,Rudigoz,Thomas,1971-01-11,Non déclaré,LAREM
PA722300,female,Khedher,Anissa,1980-04-01,Cadres,LAREM
PA722308,female,Serre,Nathalie,1968-08-17,Non déclaré,REP
PA722312,female,Bessot Ballot,Barbara,1972-04-13,Cadres,LAREM
PA722320,male,Lejeune,Christophe,1969-03-22,Cadres,LAREM
PA722336,male,Thiébaut,Vincent,1972-05-23,Cadres,LAREM
PA722344,male,Julien-Laferrière,Hubert,1966-02-27,Cadres,EELV
PA722358,male,Gassilloud,Thomas,1981-05-21,Entrepreneurs,MODEM
PA722366,male,Fugit,Jean-Luc,1969-11-27,Cadres,LAREM
PA722374,male,Isaac-Sibille,Cyrille,1958-04-30,Cadres,MODEM
PA722382,male,Dirx,Benjamin,1979-01-25,Entrepreneurs,LAREM
PA722390,female,Corneloup,Josiane,1959-09-30,Cadres,REP
PA722398,male,Rebeyrotte,Rémy,1966-03-27,Cadres,LAREM
PA724827,female,Ali,Ramlati,1961-05-28,Cadres,LAREM
PA746,male,Carrez,Gilles,1948-08-29,Cadres,REP
PA748954,male,Savignat,Antoine,1975-07-22,Cadres,REP
PA755549,male,Brial,Sylvain,1964-09-16,Entrepreneurs,UDRL
PA759192,male,Poudroux,Jean-Luc,1950-08-29,Retraités,REP
PA760658,male,Chouat,Francis,1948-12-20,Retraités,LAREM
PA767,male,Cattin,Jacques,1958-06-04,Agriculteurs,REP
PA774952,male,Benassaya,Philippe,1964-08-04,Entrepreneurs,REP
PA774954,female,Blin,Anne-Laure,1983-06-12,Non déclaré,REP
PA774956,male,Hemedinger,Yves,1965-10-23,Cadres,REP
PA774958,male,Leseul,Gérard,1960-08-15,Cadres,PS
PA774960,female,Santiago,Isabelle,1965-09-20,Cadres,PS
PA774962,female,Lebon,Karine,1985-06-09,Prof. inter.,PCF
PA856,male,Cherpion,Gérard,1948-03-15,Cadres,REP
PA923,male,Cornut-Gentille,François,1958-05-22,Cadres,REP
PA942,male,de Courson,Charles,1952-04-02,Cadres,UDRL
